,Node,Technology,MutuallyExclusive,StorageType,OutflowsType,MustRun,BinaryCommitment,NoOperatingReserve,InitialPeriod,FinalPeriod,MaximumPower,MinimumPower,MaximumCharge,MinimumCharge,InitialStorage,MaximumStorage,MinimumStorage,Efficiency,ShiftTime,EFOR,RampUp,RampDown,UpTime,DownTime,FuelCost,LinearTerm,ConstantTerm,OMVariableCost,OperReserveCost,StartUpCost,ShutDownCost,CO2EmissionRate,Availability,FixedInvestmentCost,FixedChargeRate,BinaryInvestment,Inertia,FixedRetirementCost,BinaryRetirement,MaximumReactivePower,MinimumReactivePower,InvestmentLo,InvestmentUp,RetirementLo,RetirementUp
101_CT_1,N_101,Oil,,,,,Yes,,2020,2050,20,8,,,,,,,,0.1,3,3,1,1,12.300123,13.114,,14.77,,,,0.751294164,,,,,,,,10,0,,,,
101_CT_2,N_101,Oil,,,,,Yes,,2020,2050,20,8,,,,,,,,0.1,3,3,1,1,12.300123,13.114,,14.77,,,,0.751294164,,,,,,,,10,0,,,,
101_STEAM_3,N_101,Coal,,,,,Yes,,2020,2050,76,30,,,,,,,,0.02,2,2,8,4,6.623470122,13.27,,6.54,,,,0.8143299,0.966,,,,,,,30,-25,,,,
101_STEAM_4,N_101,Coal,,,,,Yes,,2020,2050,76,30,,,,,,,,0.02,2,2,8,4,6.623470122,13.27,,6.54,,,,0.8143299,0.966,,,,,,,30,-25,,,,
102_CT_1,N_102,Oil,,,,,Yes,,2020,2050,20,8,,,,,,,,0.1,3,3,1,1,12.300123,14.639,,14.77,,,,0.698314572,,,,,,,,10,0,,,,
102_CT_2,N_102,Oil,,,,,Yes,,2020,2050,20,8,,,,,,,,0.1,3,3,1,1,12.300123,14.639,,14.77,,,,0.698314572,,,,,,,,10,0,,,,
102_STEAM_3,N_102,Coal,,,,,Yes,,2020,2050,76,30,,,,,,,,0.02,2,2,8,4,6.623470122,11.591,,6.54,,,,1.014554657,0.966,,,,,,,30,-25,,,,
102_STEAM_4,N_102,Coal,,,,,Yes,,2020,2050,76,30,,,,,,,,0.02,2,2,8,4,6.623470122,11.591,,6.54,,,,1.014554657,0.966,,,,,,,30,-25,,,,
107_CC_1,N_107,Gas-CC,,,,,Yes,,2020,2050,355,170,,,,,,,,0.033,4.14,4.14,8,4.5,9.316288,7.222,,2.45,,,,0.420376736,0.966,,,,,,,150,-25,,,,
113_CT_1,N_113,Gas-CT,,,,,Yes,,2020,2050,55,22,,,,,,,,0.031,3.7,3.7,2.2,2.2,9.316288,13.125,,2.45,,,,0.417325873,0.966,,,,,,,19,-15,,,,
113_CT_2,N_113,Gas-CT,,,,,Yes,,2020,2050,55,22,,,,,,,,0.031,3.7,3.7,2.2,2.2,9.316288,13.125,,2.45,,,,0.417325873,0.966,,,,,,,19,-15,,,,
113_CT_3,N_113,Gas-CT,,,,,Yes,,2020,2050,55,22,,,,,,,,0.031,3.7,3.7,2.2,2.2,9.316288,13.125,,2.45,,,,0.417325873,0.966,,,,,,,19,-15,,,,
113_CT_4,N_113,Gas-CT,,,,,Yes,,2020,2050,55,22,,,,,,,,0.031,3.7,3.7,2.2,2.2,9.316288,13.125,,2.45,,,,0.417325873,0.966,,,,,,,19,-15,,,,
115_STEAM_1,N_115,Oil,,,,,Yes,,2020,2050,12,5,,,,,,,,0.02,1,1,4,2,12.300123,17.34,,14.77,,,,0.995730572,,,,,,,,6,0,,,,
115_STEAM_2,N_115,Oil,,,,,Yes,,2020,2050,12,5,,,,,,,,0.02,1,1,4,2,12.300123,17.34,,14.77,,,,0.995730572,,,,,,,,6,0,,,,
115_STEAM_3,N_115,Coal,,,,,Yes,,2020,2050,155,62,,,,,,,,0.04,3,3,8,8,6.623470122,11.446,,6.54,,,,1.218875354,0.966,,,,,,,80,-50,,,,
116_STEAM_1,N_116,Coal,,,,,Yes,,2020,2050,155,62,,,,,,,,0.04,3,3,8,8,6.623470122,13.238,,6.54,,,,1.075803239,0.966,,,,,,,80,-50,,,,
118_CC_1,N_118,Gas-CC,,,,,Yes,,2020,2050,355,170,,,,,,,,0.033,4.14,4.14,8,4.5,9.316288,7.257,,2.45,,,,0.446978116,0.966,,,,,,,150,-25,,,,
123_STEAM_2,N_123,Coal,,,,,Yes,,2020,2050,155,62,,,,,,,,0.04,3,3,8,8,6.623470122,10.967,,6.54,,,,1.488540571,0.966,,,,,,,80,-50,,,,
123_STEAM_3,N_123,Coal,,,,,Yes,,2020,2050,350,140,,,,,,,,0.08,4,4,24,48,6.623470122,12.106,,6.54,,,,1.056085577,0.966,,,,,,,150,-25,,,,
123_CT_1,N_123,Gas-CT,,,,,Yes,,2020,2050,55,22,,,,,,,,0.031,3.7,3.7,2.2,2.2,9.316288,12.725,,2.45,,,,0.428084178,0.966,,,,,,,19,-15,,,,
123_CT_4,N_123,Gas-CT,,,,,Yes,,2020,2050,55,22,,,,,,,,0.031,3.7,3.7,2.2,2.2,9.316288,12.725,,2.45,,,,0.428084178,0.966,,,,,,,19,-15,,,,
123_CT_5,N_123,Gas-CT,,,,,Yes,,2020,2050,55,22,,,,,,,,0.031,3.7,3.7,2.2,2.2,9.316288,12.725,,2.45,,,,0.428084178,0.966,,,,,,,19,-15,,,,
201_CT_1,N_201,Oil,,,,,Yes,,2020,2050,20,8,,,,,,,,0.1,3,3,1,1,12.300123,13.977,,14.77,,,,0.782501321,,,,,,,,10,0,,,,
201_CT_2,N_201,Oil,,,,,Yes,,2020,2050,20,8,,,,,,,,0.1,3,3,1,1,12.300123,13.977,,14.77,,,,0.782501321,,,,,,,,10,0,,,,
201_STEAM_3,N_201,Coal,,,,,Yes,,2020,2050,76,30,,,,,,,,0.02,2,2,8,4,6.623470122,12.989,,6.54,,,,1.160674913,0.966,,,,,,,30,-25,,,,
202_CT_1,N_202,Oil,,,,,Yes,,2020,2050,20,8,,,,,,,,0.1,3,3,1,1,12.300123,13.663,,14.77,,,,0.686122008,,,,,,,,10,0,,,,
202_CT_2,N_202,Oil,,,,,Yes,,2020,2050,20,8,,,,,,,,0.1,3,3,1,1,12.300123,13.663,,14.77,,,,0.686122008,,,,,,,,10,0,,,,
202_STEAM_3,N_202,Coal,,,,,Yes,,2020,2050,76,30,,,,,,,,0.02,2,2,8,4,6.623470122,11.846,,6.54,,,,1.22897232,0.966,,,,,,,30,-25,,,,
202_STEAM_4,N_202,Coal,,,,,Yes,,2020,2050,76,30,,,,,,,,0.02,2,2,8,4,6.623470122,11.846,,6.54,,,,1.22897232,0.966,,,,,,,30,-25,,,,
207_CT_1,N_207,Gas-CT,,,,,Yes,,2020,2050,55,22,,,,,,,,0.031,3.7,3.7,2.2,2.2,9.316288,13.051,,2.45,,,,0.58635436,0.966,,,,,,,19,-15,,,,
207_CT_2,N_207,Gas-CT,,,,,Yes,,2020,2050,55,22,,,,,,,,0.031,3.7,3.7,2.2,2.2,9.316288,13.051,,2.45,,,,0.58635436,0.966,,,,,,,19,-15,,,,
213_CC_3,N_213,Gas-CC,,,,,Yes,,2020,2050,355,170,,,,,,,,0.033,4.14,4.14,8,4.5,9.316288,7.824,,2.45,,,,0.468280629,0.966,,,,,,,150,-25,,,,
213_CT_1,N_213,Gas-CT,,,,,Yes,,2020,2050,55,22,,,,,,,,0.031,3.7,3.7,2.2,2.2,9.316288,13.125,,2.45,,,,0.417325873,0.966,,,,,,,19,-15,,,,
213_CT_2,N_213,Gas-CT,,,,,Yes,,2020,2050,55,22,,,,,,,,0.031,3.7,3.7,2.2,2.2,9.316288,13.125,,2.45,,,,0.417325873,0.966,,,,,,,19,-15,,,,
215_CT_4,N_215,Gas-CT,,,,,Yes,,2020,2050,55,22,,,,,,,,0.031,3.7,3.7,2.2,2.2,9.316288,14.229,,2.45,,,,0.450724789,0.966,,,,,,,19,-15,,,,
215_CT_5,N_215,Gas-CT,,,,,Yes,,2020,2050,55,22,,,,,,,,0.031,3.7,3.7,2.2,2.2,9.316288,14.229,,2.45,,,,0.450724789,0.966,,,,,,,19,-15,,,,
216_STEAM_1,N_216,Coal,,,,,Yes,,2020,2050,155,62,,,,,,,,0.04,3,3,8,8,6.623470122,10.881,,6.54,,,,1.065992035,0.966,,,,,,,80,-50,,,,
218_CC_1,N_218,Gas-CC,,,,,Yes,,2020,2050,355,170,,,,,,,,0.033,4.14,4.14,8,4.5,9.316288,11.385,,2.45,,,,0.409886051,0.966,,,,,,,150,-25,,,,
221_CC_1,N_221,Gas-CC,,,,,Yes,,2020,2050,355,170,,,,,,,,0.033,4.14,4.14,8,4.5,9.316288,6.887,,2.45,,,,0.497397632,0.966,,,,,,,150,-25,,,,
223_STEAM_1,N_223,Coal,,,,,Yes,,2020,2050,155,62,,,,,,,,0.04,3,3,8,8,6.623470122,10.857,,6.54,,,,0.920062288,0.966,,,,,,,80,-50,,,,
223_STEAM_2,N_223,Coal,,,,,Yes,,2020,2050,155,62,,,,,,,,0.04,3,3,8,8,6.623470122,10.857,,6.54,,,,0.920062288,0.966,,,,,,,80,-50,,,,
223_STEAM_3,N_223,Coal,,,,,Yes,,2020,2050,350,140,,,,,,,,0.08,4,4,24,48,6.623470122,11.229,,6.54,,,,1.109237535,0.966,,,,,,,150,-25,,,,
223_CT_4,N_223,Gas-CT,,,,,Yes,,2020,2050,55,22,,,,,,,,0.031,3.7,3.7,2.2,2.2,9.316288,19.794,,2.45,,,,0.571421191,0.966,,,,,,,19,-15,,,,
223_CT_5,N_223,Gas-CT,,,,,Yes,,2020,2050,55,22,,,,,,,,0.031,3.7,3.7,2.2,2.2,9.316288,19.794,,2.45,,,,0.571421191,0.966,,,,,,,19,-15,,,,
223_CT_6,N_223,Gas-CT,,,,,Yes,,2020,2050,55,22,,,,,,,,0.031,3.7,3.7,2.2,2.2,9.316288,19.794,,2.45,,,,0.571421191,0.966,,,,,,,19,-15,,,,
301_CT_1,N_301,Oil,,,,,Yes,,2020,2050,20,8,,,,,,,,0.1,3,3,1,1,12.300123,14.593,,14.77,,,,0.738883876,,,,,,,,10,0,,,,
301_CT_2,N_301,Oil,,,,,Yes,,2020,2050,20,8,,,,,,,,0.1,3,3,1,1,12.300123,14.593,,14.77,,,,0.738883876,,,,,,,,10,0,,,,
301_CT_3,N_301,Gas-CT,,,,,Yes,,2020,2050,55,22,,,,,,,,0.031,3.7,3.7,2.2,2.2,9.316288,13.09,,2.45,,,,0.602304483,0.966,,,,,,,19,-15,,,,
301_CT_4,N_301,Gas-CT,,,,,Yes,,2020,2050,55,22,,,,,,,,0.031,3.7,3.7,2.2,2.2,9.316288,13.09,,2.45,,,,0.602304483,0.966,,,,,,,19,-15,,,,
302_CT_1,N_302,Oil,,,,,Yes,,2020,2050,20,8,,,,,,,,0.1,3,3,1,1,12.300123,14.593,,14.77,,,,0.738883876,,,,,,,,10,0,,,,
302_CT_2,N_302,Oil,,,,,Yes,,2020,2050,20,8,,,,,,,,0.1,3,3,1,1,12.300123,14.593,,14.77,,,,0.738883876,,,,,,,,10,0,,,,
302_CT_3,N_302,Gas-CT,,,,,Yes,,2020,2050,55,22,,,,,,,,0.031,3.7,3.7,2.2,2.2,9.316288,15.395,,2.45,,,,0.531974074,0.966,,,,,,,19,-15,,,,
302_CT_4,N_302,Gas-CT,,,,,Yes,,2020,2050,55,22,,,,,,,,0.031,3.7,3.7,2.2,2.2,9.316288,15.395,,2.45,,,,0.531974074,0.966,,,,,,,19,-15,,,,
307_CT_1,N_307,Gas-CT,,,,,Yes,,2020,2050,55,22,,,,,,,,0.031,3.7,3.7,2.2,2.2,9.316288,13.353,,2.45,,,,0.488459141,0.966,,,,,,,19,-15,,,,
307_CT_2,N_307,Gas-CT,,,,,Yes,,2020,2050,55,22,,,,,,,,0.031,3.7,3.7,2.2,2.2,9.316288,13.353,,2.45,,,,0.488459141,0.966,,,,,,,19,-15,,,,
313_CC_1,N_313,Gas-CC,,,,,Yes,,2020,2050,355,170,,,,,,,,0.033,4.14,4.14,8,4.5,9.316288,7.934,,2.45,,,,0.464748051,0.966,,,,,,,150,-25,,,,
315_STEAM_1,N_315,Oil,,,,,Yes,,2020,2050,12,5,,,,,,,,0.02,1,1,4,2,12.300123,14.41,,14.77,,,,0.9246345,,,,,,,,6,0,,,,
315_STEAM_2,N_315,Oil,,,,,Yes,,2020,2050,12,5,,,,,,,,0.02,1,1,4,2,12.300123,14.41,,14.77,,,,0.9246345,,,,,,,,6,0,,,,
315_STEAM_3,N_315,Oil,,,,,Yes,,2020,2050,12,5,,,,,,,,0.02,1,1,4,2,12.300123,14.41,,14.77,,,,0.9246345,,,,,,,,6,0,,,,
315_STEAM_4,N_315,Oil,,,,,Yes,,2020,2050,12,5,,,,,,,,0.02,1,1,4,2,12.300123,14.41,,14.77,,,,0.9246345,,,,,,,,6,0,,,,
315_STEAM_5,N_315,Oil,,,,,Yes,,2020,2050,12,5,,,,,,,,0.02,1,1,4,2,12.300123,14.41,,14.77,,,,0.9246345,,,,,,,,6,0,,,,
315_CT_6,N_315,Gas-CT,,,,,Yes,,2020,2050,55,22,,,,,,,,0.031,3.7,3.7,2.2,2.2,9.316288,10.342,,2.45,,,,0.438628387,0.966,,,,,,,19,-15,,,,
315_CT_7,N_315,Gas-CT,,,,,Yes,,2020,2050,55,22,,,,,,,,0.031,3.7,3.7,2.2,2.2,9.316288,10.342,,2.45,,,,0.438628387,0.966,,,,,,,19,-15,,,,
315_CT_8,N_315,Gas-CT,,,,,Yes,,2020,2050,55,22,,,,,,,,0.031,3.7,3.7,2.2,2.2,9.316288,10.342,,2.45,,,,0.438628387,0.966,,,,,,,60,0,,,,
316_STEAM_1,N_316,Coal,,,,,Yes,,2020,2050,155,62,,,,,,,,0.04,3,3,8,8,6.623470122,11.846,,6.54,,,,1.22897232,0.966,,,,,,,80,-50,,,,
318_CC_1,N_318,Gas-CC,,,,,Yes,,2020,2050,355,170,,,,,,,,0.033,4.14,4.14,8,4.5,9.316288,7.952,,2.45,,,,0.434132379,0.966,,,,,,,150,-25,,,,
321_CC_1,N_321,Gas-CC,,,,,Yes,,2020,2050,355,170,,,,,,,,0.033,4.14,4.14,8,4.5,9.316288,7.227,,2.45,,,,0.467424247,0.966,,,,,,,150,-25,,,,
322_CT_5,N_322,Gas-CT,,,,,Yes,,2020,2050,55,22,,,,,,,,0.031,3.7,3.7,2.2,2.2,9.316288,12.064,,2.45,,,,0.384087529,0.966,,,,,,,19,-15,,,,
322_CT_6,N_322,Gas-CT,,,,,Yes,,2020,2050,55,22,,,,,,,,0.031,3.7,3.7,2.2,2.2,9.316288,12.064,,2.45,,,,0.384087529,0.966,,,,,,,19,-15,,,,
323_CC_1,N_323,Gas-CC,,,,,Yes,,2020,2050,355,170,,,,,,,,0.033,4.14,4.14,8,4.5,9.316288,7.381,,2.45,,,,0.436862098,0.966,,,,,,,150,-25,,,,
323_CC_2,N_323,Gas-CC,,,,,Yes,,2020,2050,355,170,,,,,,,,0.033,4.14,4.14,8,4.5,9.316288,7.381,,2.45,,,,0.436862098,0.966,,,,,,,150,-25,,,,
114_SYNC_COND_1,N_114,SynchronousCondenser,,,,,Yes,,2020,2050,0,0,,,,,,,,0,0,0,0,0,0,0,,,,,,0,,,,,,,,200,-50,,,,
121_NUCLEAR_1,N_121,Nuclear,,,,Yes,Yes,,2020,2050,400,396,,,,,,,,0.12,20,20,24,48,0.81035,10,,,,,,0,0.22275641,,,,,,,200,-50,,,,
122_HYDRO_1,N_122,Hydro,,Weekly,Weekly,,Yes,,2020,2050,50,0,,,0.5,1,0.01,,,0.01,50,50,0,0,0,3.412,,0.89,,,,0,0.339,,,,,,,16,-10,,,,
122_HYDRO_2,N_122,Hydro,,Weekly,Weekly,,Yes,,2020,2050,50,0,,,0.5,1,0.01,,,0.01,50,50,0,0,0,3.412,,0.89,,,,0,0.339,,,,,,,16,-10,,,,
122_HYDRO_3,N_122,Hydro,,Weekly,Weekly,,Yes,,2020,2050,50,0,,,0.5,1,0.01,,,0.01,50,50,0,0,0,3.412,,0.89,,,,0,0.339,,,,,,,16,-10,,,,
122_HYDRO_4,N_122,Hydro,,Weekly,Weekly,,Yes,,2020,2050,50,0,,,0.5,1,0.01,,,0.01,50,50,0,0,0,3.412,,0.89,,,,0,0.339,,,,,,,16,-10,,,,
122_HYDRO_5,N_122,Hydro,,Weekly,Weekly,,Yes,,2020,2050,50,0,,,0.5,1,0.01,,,0.01,50,50,0,0,0,3.412,,0.89,,,,0,0.339,,,,,,,16,-10,,,,
122_HYDRO_6,N_122,Hydro,,Weekly,Weekly,,Yes,,2020,2050,50,0,,,0.5,1,0.01,,,0.01,50,50,0,0,0,3.412,,0.89,,,,0,0.339,,,,,,,16,-10,,,,
201_HYDRO_4,N_201,Hydro,,Weekly,Weekly,,Yes,,2020,2050,50,0,,,0.5,1,0.01,,,0.01,50,50,0,0,0,3.412,,0.89,,,,0,0.339,,,,,,,16,-10,,,,
214_SYNC_COND_1,N_214,SynchronousCondenser,,,,,Yes,,2020,2050,0,0,,,,,,,,0,0,0,0,0,0,0,,,,,,0,,,,,,,,200,-50,,,,
215_HYDRO_1,N_215,Hydro,,Weekly,Weekly,,Yes,,2020,2050,50,0,,,0.5,1,0.01,,,0.01,50,50,0,0,0,3.412,,0.89,,,,0,0.339,,,,,,,16,-10,,,,
215_HYDRO_2,N_215,Hydro,,Weekly,Weekly,,Yes,,2020,2050,50,0,,,0.5,1,0.01,,,0.01,50,50,0,0,0,3.412,,0.89,,,,0,0.339,,,,,,,16,-10,,,,
215_HYDRO_3,N_215,Hydro,,Weekly,Weekly,,Yes,,2020,2050,50,0,,,0.5,1,0.01,,,0.01,50,50,0,0,0,3.412,,0.89,,,,0,0.339,,,,,,,16,-10,,,,
222_HYDRO_1,N_222,Hydro,,Weekly,Weekly,,Yes,,2020,2050,50,0,,,0.5,1,0.01,,,0.01,50,50,0,0,0,3.412,,0.89,,,,0,0.339,,,,,,,16,-10,,,,
222_HYDRO_2,N_222,Hydro,,Weekly,Weekly,,Yes,,2020,2050,50,0,,,0.5,1,0.01,,,0.01,50,50,0,0,0,3.412,,0.89,,,,0,0.339,,,,,,,16,-10,,,,
222_HYDRO_3,N_222,Hydro,,Weekly,Weekly,,Yes,,2020,2050,50,0,,,0.5,1,0.01,,,0.01,50,50,0,0,0,3.412,,0.89,,,,0,0.339,,,,,,,16,-10,,,,
222_HYDRO_4,N_222,Hydro,,Weekly,Weekly,,Yes,,2020,2050,50,0,,,0.5,1,0.01,,,0.01,50,50,0,0,0,3.412,,0.89,,,,0,0.339,,,,,,,16,-10,,,,
222_HYDRO_5,N_222,Hydro,,Weekly,Weekly,,Yes,,2020,2050,50,0,,,0.5,1,0.01,,,0.01,50,50,0,0,0,3.412,,0.89,,,,0,0.339,,,,,,,16,-10,,,,
222_HYDRO_6,N_222,Hydro,,Weekly,Weekly,,Yes,,2020,2050,50,0,,,0.5,1,0.01,,,0.01,50,50,0,0,0,3.412,,0.89,,,,0,0.339,,,,,,,16,-10,,,,
314_SYNC_COND_1,N_314,SynchronousCondenser,,,,,Yes,,2020,2050,0,0,,,,,,,,0,0,0,0,0,0,0,,,,,,0,,,,,,,,200,-50,,,,
322_HYDRO_1,N_322,Hydro,,Weekly,Weekly,,Yes,,2020,2050,50,0,,,0.5,1,0.01,,,0.01,50,50,0,0,0,3.412,,0.89,,,,0,0.339,,,,,,,16,-10,,,,
322_HYDRO_2,N_322,Hydro,,Weekly,Weekly,,Yes,,2020,2050,50,0,,,0.5,1,0.01,,,0.01,50,50,0,0,0,3.412,,0.89,,,,0,0.339,,,,,,,16,-10,,,,
322_HYDRO_3,N_322,Hydro,,Weekly,Weekly,,Yes,,2020,2050,50,0,,,0.5,1,0.01,,,0.01,50,50,0,0,0,3.412,,0.89,,,,0,0.339,,,,,,,16,-10,,,,
322_HYDRO_4,N_322,Hydro,,Weekly,Weekly,,Yes,,2020,2050,50,0,,,0.5,1,0.01,,,0.01,50,50,0,0,0,3.412,,0.89,,,,0,0.339,,,,,,,16,-10,,,,
320_PV_1,N_320,Solar-PV,,,,,Yes,Yes,2020,2050,51.6,0,,,,,,,,0,51.6,51.6,0,0,0,0,,0.72,,,,0,0.32,,,,,,,0,0,,,,
314_PV_1,N_314,Solar-PV,,,,,Yes,Yes,2020,2050,51.6,0,,,,,,,,0,51.6,51.6,0,0,0,0,,0.72,,,,0,0.32,,,,,,,0,0,,,,
314_PV_2,N_314,Solar-PV,,,,,Yes,Yes,2020,2050,51.6,0,,,,,,,,0,51.6,51.6,0,0,0,0,,0.72,,,,0,0.32,,,,,,,0,0,,,,
313_PV_1,N_313,Solar-PV,,,,,Yes,Yes,2020,2050,95.1,0,,,,,,,,0,95.1,95.1,0,0,0,0,,0.72,,,,0,0.32,,,,,,,0,0,,,,
314_PV_3,N_314,Solar-PV,,,,,Yes,Yes,2020,2050,92.7,0,,,,,,,,0,92.7,92.7,0,0,0,0,,0.72,,,,0,0.32,,,,,,,0,0,,,,
314_PV_4,N_314,Solar-PV,,,,,Yes,Yes,2020,2050,51.6,0,,,,,,,,0,51.6,51.6,0,0,0,0,,0.72,,,,0,0.32,,,,,,,0,0,,,,
313_PV_2,N_313,Solar-PV,,,,,Yes,Yes,2020,2050,93.3,0,,,,,,,,0,93.3,93.3,0,0,0,0,,0.72,,,,0,0.32,,,,,,,0,0,,,,
310_PV_1,N_310,Solar-PV,,,,,Yes,Yes,2020,2050,51.7,0,,,,,,,,0,51.7,51.7,0,0,0,0,,0.72,,,,0,0.32,,,,,,,0,0,,,,
324_PV_1,N_324,Solar-PV,,,,,Yes,Yes,2020,2050,49.7,0,,,,,,,,0,49.7,49.7,0,0,0,0,,0.72,,,,0,0.32,,,,,,,0,0,,,,
312_PV_1,N_312,Solar-PV,,,,,Yes,Yes,2020,2050,94.1,0,,,,,,,,0,94.1,94.1,0,0,0,0,,0.72,,,,0,0.32,,,,,,,0,0,,,,
310_PV_2,N_310,Solar-PV,,,,,Yes,Yes,2020,2050,51.6,0,,,,,,,,0,51.6,51.6,0,0,0,0,,0.72,,,,0,0.32,,,,,,,0,0,,,,
324_PV_2,N_324,Solar-PV,,,,,Yes,Yes,2020,2050,51.6,0,,,,,,,,0,51.6,51.6,0,0,0,0,,0.72,,,,0,0.32,,,,,,,0,0,,,,
324_PV_3,N_324,Solar-PV,,,,,Yes,Yes,2020,2050,51,0,,,,,,,,0,51,51,0,0,0,0,,0.72,,,,0,0.32,,,,,,,0,0,,,,
113_PV_1,N_113,Solar-PV,,,,,Yes,Yes,2020,2050,93.6,0,,,,,,,,0,93.6,93.6,0,0,0,0,,0.72,,,,0,0.32,,,,,,,0,0,,,,
319_PV_1,N_319,Solar-PV,,,,,Yes,Yes,2020,2050,188.2,0,,,,,,,,0,188.2,188.2,0,0,0,0,,0.72,,,,0,0.32,,,,,,,0,0,,,,
215_PV_1,N_215,Solar-PV,,,,,Yes,Yes,2020,2050,125.1,0,,,,,,,,0,125.1,125.1,0,0,0,0,,0.72,,,,0,0.32,,,,,,,0,0,,,,
102_PV_1,N_102,Solar-PV,,,,,Yes,Yes,2020,2050,25.6,0,,,,,,,,0,25.6,25.6,0,0,0,0,,0.72,,,,0,0.32,,,,,,,0,0,,,,
101_PV_1,N_101,Solar-PV,,,,,Yes,Yes,2020,2050,25.9,0,,,,,,,,0,25.9,25.9,0,0,0,0,,0.72,,,,0,0.32,,,,,,,0,0,,,,
102_PV_2,N_102,Solar-PV,,,,,Yes,Yes,2020,2050,25.3,0,,,,,,,,0,25.3,25.3,0,0,0,0,,0.72,,,,0,0.32,,,,,,,0,0,,,,
104_PV_1,N_104,Solar-PV,,,,,Yes,Yes,2020,2050,26.8,0,,,,,,,,0,26.8,26.8,0,0,0,0,,0.72,,,,0,0.32,,,,,,,0,0,,,,
212_CSP_1,N_212,CSP,,Daily,Daily,,Yes,,2020,2050,200,30,50,,0.6,1.2,0,0.8,,0.04,20,20,1,1,0,0.00083,,,,,,0,0.52,,,,,,,0,0,,,,
101_PV_2,N_101,Solar-PV,,,,,Yes,Yes,2020,2050,26.7,0,,,,,,,,0,26.7,26.7,0,0,0,0,,0.72,,,,0,0.32,,,,,,,0,0,,,,
101_PV_3,N_101,Solar-PV,,,,,Yes,Yes,2020,2050,26.2,0,,,,,,,,0,26.2,26.2,0,0,0,0,,0.72,,,,0,0.32,,,,,,,0,0,,,,
101_PV_4,N_101,Solar-PV,,,,,Yes,Yes,2020,2050,25.8,0,,,,,,,,0,25.8,25.8,0,0,0,0,,0.72,,,,0,0.32,,,,,,,0,0,,,,
103_PV_1,N_103,Solar-PV,,,,,Yes,Yes,2020,2050,61.5,0,,,,,,,,0,61.5,61.5,0,0,0,0,,0.72,,,,0,0.32,,,,,,,0,0,,,,
119_PV_1,N_119,Solar-PV,,,,,Yes,Yes,2020,2050,66.6,0,,,,,,,,0,66.6,66.6,0,0,0,0,,0.72,,,,0,0.32,,,,,,,0,0,,,,
308_RTPV_1,N_308,Solar-PV,,,,,Yes,Yes,2020,2050,100.9,0,,,,,,,,0,100.9,100.9,0,0,0,0,,0.72,,,,0,0.32,,,,,,,0,0,,,,
313_RTPV_1,N_313,Solar-PV,,,,,Yes,Yes,2020,2050,101.7,0,,,,,,,,0,101.7,101.7,0,0,0,0,,0.72,,,,0,0.32,,,,,,,0,0,,,,
313_RTPV_2,N_313,Solar-PV,,,,,Yes,Yes,2020,2050,63.1,0,,,,,,,,0,63.1,63.1,0,0,0,0,,0.72,,,,0,0.32,,,,,,,0,0,,,,
313_RTPV_3,N_313,Solar-PV,,,,,Yes,Yes,2020,2050,65.4,0,,,,,,,,0,65.4,65.4,0,0,0,0,,0.72,,,,0,0.32,,,,,,,0,0,,,,
313_RTPV_4,N_313,Solar-PV,,,,,Yes,Yes,2020,2050,67,0,,,,,,,,0,67,67,0,0,0,0,,0.72,,,,0,0.32,,,,,,,0,0,,,,
313_RTPV_5,N_313,Solar-PV,,,,,Yes,Yes,2020,2050,64.8,0,,,,,,,,0,64.8,64.8,0,0,0,0,,0.72,,,,0,0.32,,,,,,,0,0,,,,
313_RTPV_6,N_313,Solar-PV,,,,,Yes,Yes,2020,2050,63.8,0,,,,,,,,0,63.8,63.8,0,0,0,0,,0.72,,,,0,0.32,,,,,,,0,0,,,,
313_RTPV_7,N_313,Solar-PV,,,,,Yes,Yes,2020,2050,64.1,0,,,,,,,,0,64.1,64.1,0,0,0,0,,0.72,,,,0,0.32,,,,,,,0,0,,,,
313_RTPV_8,N_313,Solar-PV,,,,,Yes,Yes,2020,2050,66.6,0,,,,,,,,0,66.6,66.6,0,0,0,0,,0.72,,,,0,0.32,,,,,,,0,0,,,,
313_RTPV_9,N_313,Solar-PV,,,,,Yes,Yes,2020,2050,62.4,0,,,,,,,,0,62.4,62.4,0,0,0,0,,0.72,,,,0,0.32,,,,,,,0,0,,,,
313_RTPV_10,N_313,Solar-PV,,,,,Yes,Yes,2020,2050,66.9,0,,,,,,,,0,66.9,66.9,0,0,0,0,,0.72,,,,0,0.32,,,,,,,0,0,,,,
313_RTPV_11,N_313,Solar-PV,,,,,Yes,Yes,2020,2050,65.2,0,,,,,,,,0,65.2,65.2,0,0,0,0,,0.72,,,,0,0.32,,,,,,,0,0,,,,
313_RTPV_12,N_313,Solar-PV,,,,,Yes,Yes,2020,2050,27.8,0,,,,,,,,0,27.8,27.8,0,0,0,0,,0.72,,,,0,0.32,,,,,,,0,0,,,,
320_RTPV_1,N_320,Solar-PV,,,,,Yes,Yes,2020,2050,27.3,0,,,,,,,,0,27.3,27.3,0,0,0,0,,0.72,,,,0,0.32,,,,,,,0,0,,,,
320_RTPV_2,N_320,Solar-PV,,,,,Yes,Yes,2020,2050,27,0,,,,,,,,0,27,27,0,0,0,0,,0.72,,,,0,0.32,,,,,,,0,0,,,,
320_RTPV_3,N_320,Solar-PV,,,,,Yes,Yes,2020,2050,28.3,0,,,,,,,,0,28.3,28.3,0,0,0,0,,0.72,,,,0,0.32,,,,,,,0,0,,,,
313_RTPV_13,N_313,Solar-PV,,,,,Yes,Yes,2020,2050,27.2,0,,,,,,,,0,27.2,27.2,0,0,0,0,,0.72,,,,0,0.32,,,,,,,0,0,,,,
320_RTPV_4,N_320,Solar-PV,,,,,Yes,Yes,2020,2050,27,0,,,,,,,,0,27,27,0,0,0,0,,0.72,,,,0,0.32,,,,,,,0,0,,,,
320_RTPV_5,N_320,Solar-PV,,,,,Yes,Yes,2020,2050,28.2,0,,,,,,,,0,28.2,28.2,0,0,0,0,,0.72,,,,0,0.32,,,,,,,0,0,,,,
118_RTPV_1,N_118,Solar-PV,,,,,Yes,Yes,2020,2050,9.3,0,,,,,,,,0,9.3,9.3,0,0,0,0,,0.72,,,,0,0.32,,,,,,,0,0,,,,
118_RTPV_2,N_118,Solar-PV,,,,,Yes,Yes,2020,2050,9.7,0,,,,,,,,0,9.7,9.7,0,0,0,0,,0.72,,,,0,0.32,,,,,,,0,0,,,,
118_RTPV_3,N_118,Solar-PV,,,,,Yes,Yes,2020,2050,9.4,0,,,,,,,,0,9.4,9.4,0,0,0,0,,0.72,,,,0,0.32,,,,,,,0,0,,,,
118_RTPV_4,N_118,Solar-PV,,,,,Yes,Yes,2020,2050,9.1,0,,,,,,,,0,9.1,9.1,0,0,0,0,,0.72,,,,0,0.32,,,,,,,0,0,,,,
118_RTPV_5,N_118,Solar-PV,,,,,Yes,Yes,2020,2050,9.1,0,,,,,,,,0,9.1,9.1,0,0,0,0,,0.72,,,,0,0.32,,,,,,,0,0,,,,
118_RTPV_6,N_118,Solar-PV,,,,,Yes,Yes,2020,2050,9.7,0,,,,,,,,0,9.7,9.7,0,0,0,0,,0.72,,,,0,0.32,,,,,,,0,0,,,,
320_RTPV_6,N_320,Solar-PV,,,,,Yes,Yes,2020,2050,9.4,0,,,,,,,,0,9.4,9.4,0,0,0,0,,0.72,,,,0,0.32,,,,,,,0,0,,,,
118_RTPV_7,N_118,Solar-PV,,,,,Yes,Yes,2020,2050,11.8,0,,,,,,,,0,11.8,11.8,0,0,0,0,,0.72,,,,0,0.32,,,,,,,0,0,,,,
118_RTPV_8,N_118,Solar-PV,,,,,Yes,Yes,2020,2050,11.2,0,,,,,,,,0,11.2,11.2,0,0,0,0,,0.72,,,,0,0.32,,,,,,,0,0,,,,
118_RTPV_9,N_118,Solar-PV,,,,,Yes,Yes,2020,2050,10.3,0,,,,,,,,0,10.3,10.3,0,0,0,0,,0.72,,,,0,0.32,,,,,,,0,0,,,,
118_RTPV_10,N_118,Solar-PV,,,,,Yes,Yes,2020,2050,4.5,0,,,,,,,,0,4.5,4.5,0,0,0,0,,0.72,,,,0,0.32,,,,,,,0,0,,,,
213_RTPV_1,N_213,Solar-PV,,,,,Yes,Yes,2020,2050,13.2,0,,,,,,,,0,13.2,13.2,0,0,0,0,,0.72,,,,0,0.32,,,,,,,0,0,,,,
309_WIND_1,N_309,Onshore-Wind,,,,,Yes,Yes,2020,2050,148.3,0,,,,,,,,0,148.3,148.3,0,0,0,0,,0.4,,,,0,0.01,,,,,,,0,0,,,,
317_WIND_1,N_317,Onshore-Wind,,,,,Yes,Yes,2020,2050,799.1,0,,,,,,,,0,799.1,799.1,0,0,0,0,,0.4,,,,0,0.01,,,,,,,0,0,,,,
303_WIND_1,N_303,Onshore-Wind,,,,,Yes,Yes,2020,2050,847,0,,,,,,,,0,847,847,0,0,0,0,,0.4,,,,0,0.01,,,,,,,0,0,,,,
122_WIND_1,N_122,Onshore-Wind,,,,,Yes,Yes,2020,2050,713.5,0,,,,,,,,0,713.5,713.5,0,0,0,0,,0.4,,,,0,0.01,,,,,,,0,0,,,,
313_STORAGE_1,N_313,Battery,,Daily,Daily,,Yes,,2020,2050,50,0,50,,0.1,0.2,0.04,0.85,,0,50,50,0,0,0,0,,,,,,0,0.31,,,,,,,0,0,,,,
101_STORAGE_1,N_101,Battery,,Daily,Daily,,Yes,,2020,2050,60,0,60,,0.12,0.24,0.024,0.85,,0,60,60,0,0,0,0,,,,,,0,0.31,66.59741027,0.102346128,Yes,,,,0,0,,,,
102_STORAGE_1,N_102,Battery,,Daily,Daily,,Yes,,2020,2050,60,0,60,,0.12,0.24,0.024,0.85,,0,60,60,0,0,0,0,,,,,,0,0.31,66.59741027,0.102346128,Yes,,,,0,0,,,,
103_STORAGE_1,N_103,Battery,,Daily,Daily,,Yes,,2020,2050,60,0,60,,0.12,0.24,0.024,0.85,,0,60,60,0,0,0,0,,,,,,0,0.31,66.59741027,0.102346128,Yes,,,,0,0,,,,
104_STORAGE_1,N_104,Battery,,Daily,Daily,,Yes,,2020,2050,60,0,60,,0.12,0.24,0.024,0.85,,0,60,60,0,0,0,0,,,,,,0,0.31,66.59741027,0.102346128,Yes,,,,0,0,,,,
105_STORAGE_1,N_105,Battery,,Daily,Daily,,Yes,,2020,2050,60,0,60,,0.12,0.24,0.024,0.85,,0,60,60,0,0,0,0,,,,,,0,0.31,66.59741027,0.102346128,Yes,,,,0,0,,,,
106_STORAGE_1,N_106,Battery,,Daily,Daily,,Yes,,2020,2050,60,0,60,,0.12,0.24,0.024,0.85,,0,60,60,0,0,0,0,,,,,,0,0.31,66.59741027,0.102346128,Yes,,,,0,0,,,,
107_STORAGE_1,N_107,Battery,,Daily,Daily,,Yes,,2020,2050,60,0,60,,0.12,0.24,0.024,0.85,,0,60,60,0,0,0,0,,,,,,0,0.31,66.59741027,0.102346128,Yes,,,,0,0,,,,
108_STORAGE_1,N_108,Battery,,Daily,Daily,,Yes,,2020,2050,60,0,60,,0.12,0.24,0.024,0.85,,0,60,60,0,0,0,0,,,,,,0,0.31,66.59741027,0.102346128,Yes,,,,0,0,,,,
109_STORAGE_1,N_109,Battery,,Daily,Daily,,Yes,,2020,2050,60,0,60,,0.12,0.24,0.024,0.85,,0,60,60,0,0,0,0,,,,,,0,0.31,66.59741027,0.102346128,Yes,,,,0,0,,,,
110_STORAGE_1,N_110,Battery,,Daily,Daily,,Yes,,2020,2050,60,0,60,,0.12,0.24,0.024,0.85,,0,60,60,0,0,0,0,,,,,,0,0.31,66.59741027,0.102346128,Yes,,,,0,0,,,,
111_STORAGE_1,N_111,Battery,,Daily,Daily,,Yes,,2020,2050,60,0,60,,0.12,0.24,0.024,0.85,,0,60,60,0,0,0,0,,,,,,0,0.31,66.59741027,0.102346128,Yes,,,,0,0,,,,
112_STORAGE_1,N_112,Battery,,Daily,Daily,,Yes,,2020,2050,60,0,60,,0.12,0.24,0.024,0.85,,0,60,60,0,0,0,0,,,,,,0,0.31,66.59741027,0.102346128,Yes,,,,0,0,,,,
113_STORAGE_1,N_113,Battery,,Daily,Daily,,Yes,,2020,2050,60,0,60,,0.12,0.24,0.024,0.85,,0,60,60,0,0,0,0,,,,,,0,0.31,66.59741027,0.102346128,Yes,,,,0,0,,,,
114_STORAGE_1,N_114,Battery,,Daily,Daily,,Yes,,2020,2050,60,0,60,,0.12,0.24,0.024,0.85,,0,60,60,0,0,0,0,,,,,,0,0.31,66.59741027,0.102346128,Yes,,,,0,0,,,,
115_STORAGE_1,N_115,Battery,,Daily,Daily,,Yes,,2020,2050,60,0,60,,0.12,0.24,0.024,0.85,,0,60,60,0,0,0,0,,,,,,0,0.31,66.59741027,0.102346128,Yes,,,,0,0,,,,
116_STORAGE_1,N_116,Battery,,Daily,Daily,,Yes,,2020,2050,60,0,60,,0.12,0.24,0.024,0.85,,0,60,60,0,0,0,0,,,,,,0,0.31,66.59741027,0.102346128,Yes,,,,0,0,,,,
117_STORAGE_1,N_117,Battery,,Daily,Daily,,Yes,,2020,2050,60,0,60,,0.12,0.24,0.024,0.85,,0,60,60,0,0,0,0,,,,,,0,0.31,66.59741027,0.102346128,Yes,,,,0,0,,,,
118_STORAGE_1,N_118,Battery,,Daily,Daily,,Yes,,2020,2050,60,0,60,,0.12,0.24,0.024,0.85,,0,60,60,0,0,0,0,,,,,,0,0.31,66.59741027,0.102346128,Yes,,,,0,0,,,,
119_STORAGE_1,N_119,Battery,,Daily,Daily,,Yes,,2020,2050,60,0,60,,0.12,0.24,0.024,0.85,,0,60,60,0,0,0,0,,,,,,0,0.31,66.59741027,0.102346128,Yes,,,,0,0,,,,
120_STORAGE_1,N_120,Battery,,Daily,Daily,,Yes,,2020,2050,60,0,60,,0.12,0.24,0.024,0.85,,0,60,60,0,0,0,0,,,,,,0,0.31,66.59741027,0.102346128,Yes,,,,0,0,,,,
121_STORAGE_1,N_121,Battery,,Daily,Daily,,Yes,,2020,2050,60,0,60,,0.12,0.24,0.024,0.85,,0,60,60,0,0,0,0,,,,,,0,0.31,66.59741027,0.102346128,Yes,,,,0,0,,,,
122_STORAGE_1,N_122,Battery,,Daily,Daily,,Yes,,2020,2050,60,0,60,,0.12,0.24,0.024,0.85,,0,60,60,0,0,0,0,,,,,,0,0.31,66.59741027,0.102346128,Yes,,,,0,0,,,,
123_STORAGE_1,N_123,Battery,,Daily,Daily,,Yes,,2020,2050,60,0,60,,0.12,0.24,0.024,0.85,,0,60,60,0,0,0,0,,,,,,0,0.31,66.59741027,0.102346128,Yes,,,,0,0,,,,
124_STORAGE_1,N_124,Battery,,Daily,Daily,,Yes,,2020,2050,60,0,60,,0.12,0.24,0.024,0.85,,0,60,60,0,0,0,0,,,,,,0,0.31,66.59741027,0.102346128,Yes,,,,0,0,,,,
201_STORAGE_1,N_201,Battery,,Daily,Daily,,Yes,,2020,2050,60,0,60,,0.12,0.24,0.024,0.85,,0,60,60,0,0,0,0,,,,,,0,0.31,66.59741027,0.102346128,Yes,,,,0,0,,,,
202_STORAGE_1,N_202,Battery,,Daily,Daily,,Yes,,2020,2050,60,0,60,,0.12,0.24,0.024,0.85,,0,60,60,0,0,0,0,,,,,,0,0.31,66.59741027,0.102346128,Yes,,,,0,0,,,,
203_STORAGE_1,N_203,Battery,,Daily,Daily,,Yes,,2020,2050,60,0,60,,0.12,0.24,0.024,0.85,,0,60,60,0,0,0,0,,,,,,0,0.31,66.59741027,0.102346128,Yes,,,,0,0,,,,
204_STORAGE_1,N_204,Battery,,Daily,Daily,,Yes,,2020,2050,60,0,60,,0.12,0.24,0.024,0.85,,0,60,60,0,0,0,0,,,,,,0,0.31,66.59741027,0.102346128,Yes,,,,0,0,,,,
205_STORAGE_1,N_205,Battery,,Daily,Daily,,Yes,,2020,2050,60,0,60,,0.12,0.24,0.024,0.85,,0,60,60,0,0,0,0,,,,,,0,0.31,66.59741027,0.102346128,Yes,,,,0,0,,,,
206_STORAGE_1,N_206,Battery,,Daily,Daily,,Yes,,2020,2050,60,0,60,,0.12,0.24,0.024,0.85,,0,60,60,0,0,0,0,,,,,,0,0.31,66.59741027,0.102346128,Yes,,,,0,0,,,,
207_STORAGE_1,N_207,Battery,,Daily,Daily,,Yes,,2020,2050,60,0,60,,0.12,0.24,0.024,0.85,,0,60,60,0,0,0,0,,,,,,0,0.31,66.59741027,0.102346128,Yes,,,,0,0,,,,
208_STORAGE_1,N_208,Battery,,Daily,Daily,,Yes,,2020,2050,60,0,60,,0.12,0.24,0.024,0.85,,0,60,60,0,0,0,0,,,,,,0,0.31,66.59741027,0.102346128,Yes,,,,0,0,,,,
209_STORAGE_1,N_209,Battery,,Daily,Daily,,Yes,,2020,2050,60,0,60,,0.12,0.24,0.024,0.85,,0,60,60,0,0,0,0,,,,,,0,0.31,66.59741027,0.102346128,Yes,,,,0,0,,,,
210_STORAGE_1,N_210,Battery,,Daily,Daily,,Yes,,2020,2050,60,0,60,,0.12,0.24,0.024,0.85,,0,60,60,0,0,0,0,,,,,,0,0.31,66.59741027,0.102346128,Yes,,,,0,0,,,,
211_STORAGE_1,N_211,Battery,,Daily,Daily,,Yes,,2020,2050,60,0,60,,0.12,0.24,0.024,0.85,,0,60,60,0,0,0,0,,,,,,0,0.31,66.59741027,0.102346128,Yes,,,,0,0,,,,
212_STORAGE_1,N_212,Battery,,Daily,Daily,,Yes,,2020,2050,60,0,60,,0.12,0.24,0.024,0.85,,0,60,60,0,0,0,0,,,,,,0,0.31,66.59741027,0.102346128,Yes,,,,0,0,,,,
213_STORAGE_1,N_213,Battery,,Daily,Daily,,Yes,,2020,2050,60,0,60,,0.12,0.24,0.024,0.85,,0,60,60,0,0,0,0,,,,,,0,0.31,66.59741027,0.102346128,Yes,,,,0,0,,,,
214_STORAGE_1,N_214,Battery,,Daily,Daily,,Yes,,2020,2050,60,0,60,,0.12,0.24,0.024,0.85,,0,60,60,0,0,0,0,,,,,,0,0.31,66.59741027,0.102346128,Yes,,,,0,0,,,,
215_STORAGE_1,N_215,Battery,,Daily,Daily,,Yes,,2020,2050,60,0,60,,0.12,0.24,0.024,0.85,,0,60,60,0,0,0,0,,,,,,0,0.31,66.59741027,0.102346128,Yes,,,,0,0,,,,
216_STORAGE_1,N_216,Battery,,Daily,Daily,,Yes,,2020,2050,60,0,60,,0.12,0.24,0.024,0.85,,0,60,60,0,0,0,0,,,,,,0,0.31,66.59741027,0.102346128,Yes,,,,0,0,,,,
217_STORAGE_1,N_217,Battery,,Daily,Daily,,Yes,,2020,2050,60,0,60,,0.12,0.24,0.024,0.85,,0,60,60,0,0,0,0,,,,,,0,0.31,66.59741027,0.102346128,Yes,,,,0,0,,,,
218_STORAGE_1,N_218,Battery,,Daily,Daily,,Yes,,2020,2050,60,0,60,,0.12,0.24,0.024,0.85,,0,60,60,0,0,0,0,,,,,,0,0.31,66.59741027,0.102346128,Yes,,,,0,0,,,,
219_STORAGE_1,N_219,Battery,,Daily,Daily,,Yes,,2020,2050,60,0,60,,0.12,0.24,0.024,0.85,,0,60,60,0,0,0,0,,,,,,0,0.31,66.59741027,0.102346128,Yes,,,,0,0,,,,
220_STORAGE_1,N_220,Battery,,Daily,Daily,,Yes,,2020,2050,60,0,60,,0.12,0.24,0.024,0.85,,0,60,60,0,0,0,0,,,,,,0,0.31,66.59741027,0.102346128,Yes,,,,0,0,,,,
221_STORAGE_1,N_221,Battery,,Daily,Daily,,Yes,,2020,2050,60,0,60,,0.12,0.24,0.024,0.85,,0,60,60,0,0,0,0,,,,,,0,0.31,66.59741027,0.102346128,Yes,,,,0,0,,,,
222_STORAGE_1,N_222,Battery,,Daily,Daily,,Yes,,2020,2050,60,0,60,,0.12,0.24,0.024,0.85,,0,60,60,0,0,0,0,,,,,,0,0.31,66.59741027,0.102346128,Yes,,,,0,0,,,,
223_STORAGE_1,N_223,Battery,,Daily,Daily,,Yes,,2020,2050,60,0,60,,0.12,0.24,0.024,0.85,,0,60,60,0,0,0,0,,,,,,0,0.31,66.59741027,0.102346128,Yes,,,,0,0,,,,
224_STORAGE_1,N_224,Battery,,Daily,Daily,,Yes,,2020,2050,60,0,60,,0.12,0.24,0.024,0.85,,0,60,60,0,0,0,0,,,,,,0,0.31,66.59741027,0.102346128,Yes,,,,0,0,,,,
301_STORAGE_1,N_301,Battery,,Daily,Daily,,Yes,,2020,2050,60,0,60,,0.12,0.24,0.024,0.85,,0,60,60,0,0,0,0,,,,,,0,0.31,66.59741027,0.102346128,Yes,,,,0,0,,,,
302_STORAGE_1,N_302,Battery,,Daily,Daily,,Yes,,2020,2050,60,0,60,,0.12,0.24,0.024,0.85,,0,60,60,0,0,0,0,,,,,,0,0.31,66.59741027,0.102346128,Yes,,,,0,0,,,,
303_STORAGE_1,N_303,Battery,,Daily,Daily,,Yes,,2020,2050,60,0,60,,0.12,0.24,0.024,0.85,,0,60,60,0,0,0,0,,,,,,0,0.31,66.59741027,0.102346128,Yes,,,,0,0,,,,
304_STORAGE_1,N_304,Battery,,Daily,Daily,,Yes,,2020,2050,60,0,60,,0.12,0.24,0.024,0.85,,0,60,60,0,0,0,0,,,,,,0,0.31,66.59741027,0.102346128,Yes,,,,0,0,,,,
305_STORAGE_1,N_305,Battery,,Daily,Daily,,Yes,,2020,2050,60,0,60,,0.12,0.24,0.024,0.85,,0,60,60,0,0,0,0,,,,,,0,0.31,66.59741027,0.102346128,Yes,,,,0,0,,,,
306_STORAGE_1,N_306,Battery,,Daily,Daily,,Yes,,2020,2050,60,0,60,,0.12,0.24,0.024,0.85,,0,60,60,0,0,0,0,,,,,,0,0.31,66.59741027,0.102346128,Yes,,,,0,0,,,,
307_STORAGE_1,N_307,Battery,,Daily,Daily,,Yes,,2020,2050,60,0,60,,0.12,0.24,0.024,0.85,,0,60,60,0,0,0,0,,,,,,0,0.31,66.59741027,0.102346128,Yes,,,,0,0,,,,
308_STORAGE_1,N_308,Battery,,Daily,Daily,,Yes,,2020,2050,60,0,60,,0.12,0.24,0.024,0.85,,0,60,60,0,0,0,0,,,,,,0,0.31,66.59741027,0.102346128,Yes,,,,0,0,,,,
309_STORAGE_1,N_309,Battery,,Daily,Daily,,Yes,,2020,2050,60,0,60,,0.12,0.24,0.024,0.85,,0,60,60,0,0,0,0,,,,,,0,0.31,66.59741027,0.102346128,Yes,,,,0,0,,,,
310_STORAGE_1,N_310,Battery,,Daily,Daily,,Yes,,2020,2050,60,0,60,,0.12,0.24,0.024,0.85,,0,60,60,0,0,0,0,,,,,,0,0.31,66.59741027,0.102346128,Yes,,,,0,0,,,,
311_STORAGE_1,N_311,Battery,,Daily,Daily,,Yes,,2020,2050,60,0,60,,0.12,0.24,0.024,0.85,,0,60,60,0,0,0,0,,,,,,0,0.31,66.59741027,0.102346128,Yes,,,,0,0,,,,
312_STORAGE_1,N_312,Battery,,Daily,Daily,,Yes,,2020,2050,60,0,60,,0.12,0.24,0.024,0.85,,0,60,60,0,0,0,0,,,,,,0,0.31,66.59741027,0.102346128,Yes,,,,0,0,,,,
313_STORAGE_2,N_313,Battery,,Daily,Daily,,Yes,,2020,2050,60,0,60,,0.12,0.24,0.024,0.85,,0,60,60,0,0,0,0,,,,,,0,0.31,66.59741027,0.102346128,Yes,,,,0,0,,,,
314_STORAGE_1,N_314,Battery,,Daily,Daily,,Yes,,2020,2050,60,0,60,,0.12,0.24,0.024,0.85,,0,60,60,0,0,0,0,,,,,,0,0.31,66.59741027,0.102346128,Yes,,,,0,0,,,,
315_STORAGE_1,N_315,Battery,,Daily,Daily,,Yes,,2020,2050,60,0,60,,0.12,0.24,0.024,0.85,,0,60,60,0,0,0,0,,,,,,0,0.31,66.59741027,0.102346128,Yes,,,,0,0,,,,
316_STORAGE_1,N_316,Battery,,Daily,Daily,,Yes,,2020,2050,60,0,60,,0.12,0.24,0.024,0.85,,0,60,60,0,0,0,0,,,,,,0,0.31,66.59741027,0.102346128,Yes,,,,0,0,,,,
317_STORAGE_1,N_317,Battery,,Daily,Daily,,Yes,,2020,2050,60,0,60,,0.12,0.24,0.024,0.85,,0,60,60,0,0,0,0,,,,,,0,0.31,66.59741027,0.102346128,Yes,,,,0,0,,,,
318_STORAGE_1,N_318,Battery,,Daily,Daily,,Yes,,2020,2050,60,0,60,,0.12,0.24,0.024,0.85,,0,60,60,0,0,0,0,,,,,,0,0.31,66.59741027,0.102346128,Yes,,,,0,0,,,,
319_STORAGE_1,N_319,Battery,,Daily,Daily,,Yes,,2020,2050,60,0,60,,0.12,0.24,0.024,0.85,,0,60,60,0,0,0,0,,,,,,0,0.31,66.59741027,0.102346128,Yes,,,,0,0,,,,
320_STORAGE_1,N_320,Battery,,Daily,Daily,,Yes,,2020,2050,60,0,60,,0.12,0.24,0.024,0.85,,0,60,60,0,0,0,0,,,,,,0,0.31,66.59741027,0.102346128,Yes,,,,0,0,,,,
321_STORAGE_1,N_321,Battery,,Daily,Daily,,Yes,,2020,2050,60,0,60,,0.12,0.24,0.024,0.85,,0,60,60,0,0,0,0,,,,,,0,0.31,66.59741027,0.102346128,Yes,,,,0,0,,,,
322_STORAGE_1,N_322,Battery,,Daily,Daily,,Yes,,2020,2050,60,0,60,,0.12,0.24,0.024,0.85,,0,60,60,0,0,0,0,,,,,,0,0.31,66.59741027,0.102346128,Yes,,,,0,0,,,,
323_STORAGE_1,N_323,Battery,,Daily,Daily,,Yes,,2020,2050,60,0,60,,0.12,0.24,0.024,0.85,,0,60,60,0,0,0,0,,,,,,0,0.31,66.59741027,0.102346128,Yes,,,,0,0,,,,
324_STORAGE_1,N_324,Battery,,Daily,Daily,,Yes,,2020,2050,60,0,60,,0.12,0.24,0.024,0.85,,0,60,60,0,0,0,0,,,,,,0,0.31,66.59741027,0.102346128,Yes,,,,0,0,,,,
325_STORAGE_1,N_325,Battery,,Daily,Daily,,Yes,,2020,2050,60,0,60,,0.12,0.24,0.024,0.85,,0,60,60,0,0,0,0,,,,,,0,0.31,66.59741027,0.102346128,Yes,,,,0,0,,,,
122_HYDRO_1_PSH,N_122,PSH,,Weekly,Weekly,,Yes,,2020,2050,100,0,100,,0.5,1,0.1,0.75,,0.01,100,100,0,0,0,0,,1.8,,,,0,0.339,366.2382938,0.074984328,Yes,,,,32,-20,,,,
122_HYDRO_2_PSH,N_122,PSH,,Weekly,Weekly,,Yes,,2020,2050,200,0,200,,1,2,0.2,0.75,,0.01,200,200,0,0,0,0,,1.8,,,,0,0.339,732.4765875,0.074984328,Yes,,,,64,-40,,,,
122_HYDRO_3_PSH,N_122,PSH,,Weekly,Weekly,,Yes,,2020,2050,300,0,300,,1.5,3,0.3,0.75,,0.01,300,300,0,0,0,0,,1.8,,,,0,0.339,1098.714881,0.074984328,Yes,,,,96,-60,,,,
122_HYDRO_4_PSH,N_122,PSH,,Weekly,Weekly,,Yes,,2020,2050,400,0,400,,2,4,0.4,0.75,,0.01,400,400,0,0,0,0,,1.8,,,,0,0.339,1464.953175,0.074984328,Yes,,,,128,-80,,,,
122_HYDRO_5_PSH,N_122,PSH,,Weekly,Weekly,,Yes,,2020,2050,500,0,500,,2.5,5,0.5,0.75,,0.01,500,500,0,0,0,0,,1.8,,,,0,0.339,1831.191469,0.074984328,Yes,,,,160,-100,,,,
122_HYDRO_6_PSH,N_122,PSH,,Weekly,Weekly,,Yes,,2020,2050,600,0,600,,3,6,0.6,0.75,,0.01,600,600,0,0,0,0,,1.8,,,,0,0.339,2197.429763,0.074984328,Yes,,,,192,-120,,,,
201_HYDRO_4_PSH,N_201,PSH,,Weekly,Weekly,,Yes,,2020,2050,100,0,100,,0.5,1,0.1,0.75,,0.01,100,100,0,0,0,0,,1.8,,,,0,0.339,366.2382938,0.074984328,Yes,,,,32,-20,,,,
215_HYDRO_1_PSH,N_215,PSH,,Weekly,Weekly,,Yes,,2020,2050,100,0,100,,0.5,1,0.1,0.75,,0.01,100,100,0,0,0,0,,1.8,,,,0,0.339,366.2382938,0.074984328,Yes,,,,32,-20,,,,
215_HYDRO_2_PSH,N_215,PSH,,Weekly,Weekly,,Yes,,2020,2050,200,0,200,,1,2,0.2,0.75,,0.01,200,200,0,0,0,0,,1.8,,,,0,0.339,732.4765875,0.074984328,Yes,,,,64,-40,,,,
215_HYDRO_3_PSH,N_215,PSH,,Weekly,Weekly,,Yes,,2020,2050,300,0,300,,1.5,3,0.3,0.75,,0.01,300,300,0,0,0,0,,1.8,,,,0,0.339,1098.714881,0.074984328,Yes,,,,96,-60,,,,
222_HYDRO_1_PSH,N_222,PSH,,Weekly,Weekly,,Yes,,2020,2050,100,0,100,,0.5,1,0.1,0.75,,0.01,100,100,0,0,0,0,,1.8,,,,0,0.339,366.2382938,0.074984328,Yes,,,,32,-20,,,,
222_HYDRO_2_PSH,N_222,PSH,,Weekly,Weekly,,Yes,,2020,2050,200,0,200,,1,2,0.2,0.75,,0.01,200,200,0,0,0,0,,1.8,,,,0,0.339,732.4765875,0.074984328,Yes,,,,64,-40,,,,
222_HYDRO_3_PSH,N_222,PSH,,Weekly,Weekly,,Yes,,2020,2050,300,0,300,,1.5,3,0.3,0.75,,0.01,300,300,0,0,0,0,,1.8,,,,0,0.339,1098.714881,0.074984328,Yes,,,,96,-60,,,,
222_HYDRO_4_PSH,N_222,PSH,,Weekly,Weekly,,Yes,,2020,2050,400,0,400,,2,4,0.4,0.75,,0.01,400,400,0,0,0,0,,1.8,,,,0,0.339,1464.953175,0.074984328,Yes,,,,128,-80,,,,
222_HYDRO_5_PSH,N_222,PSH,,Weekly,Weekly,,Yes,,2020,2050,500,0,500,,2.5,5,0.5,0.75,,0.01,500,500,0,0,0,0,,1.8,,,,0,0.339,1831.191469,0.074984328,Yes,,,,160,-100,,,,
222_HYDRO_6_PSH,N_222,PSH,,Weekly,Weekly,,Yes,,2020,2050,600,0,600,,3,6,0.6,0.75,,0.01,600,600,0,0,0,0,,1.8,,,,0,0.339,2197.429763,0.074984328,Yes,,,,192,-120,,,,
322_HYDRO_1_PSH,N_322,PSH,,Weekly,Weekly,,Yes,,2020,2050,100,0,100,,0.5,1,0.1,0.75,,0.01,100,100,0,0,0,0,,1.8,,,,0,0.339,366.2382938,0.074984328,Yes,,,,32,-20,,,,
322_HYDRO_2_PSH,N_322,PSH,,Weekly,Weekly,,Yes,,2020,2050,200,0,200,,1,2,0.2,0.75,,0.01,200,200,0,0,0,0,,1.8,,,,0,0.339,732.4765875,0.074984328,Yes,,,,64,-40,,,,
322_HYDRO_3_PSH,N_322,PSH,,Weekly,Weekly,,Yes,,2020,2050,300,0,300,,1.5,3,0.3,0.75,,0.01,300,300,0,0,0,0,,1.8,,,,0,0.339,1098.714881,0.074984328,Yes,,,,96,-60,,,,
322_HYDRO_4_PSH,N_322,PSH,,Weekly,Weekly,,Yes,,2020,2050,400,0,400,,2,4,0.4,0.75,,0.01,400,400,0,0,0,0,,1.8,,,,0,0.339,1464.953175,0.074984328,Yes,,,,128,-80,,,,
107_SYNC_COND_1,N_107,SynchronousCondenser,,,,,Yes,,2020,2050,0,0,,,,,,,,0,,,0,0,0,0,,,,,,0,0,150,0.132826957,Yes,,,,200,-50,,,,
122_SYNC_COND_1,N_122,SynchronousCondenser,,,,,Yes,,2020,2050,0,0,,,,,,,,0,,,0,0,0,0,,,,,,0,0,150,0.132826957,Yes,,,,200,-50,,,,
227_SYNC_COND_1,N_207,SynchronousCondenser,,,,,Yes,,2020,2050,0,0,,,,,,,,0,,,0,0,0,0,,,,,,0,0,150,0.132826957,Yes,,,,200,-50,,,,
222_SYNC_COND_1,N_222,SynchronousCondenser,,,,,Yes,,2020,2050,0,0,,,,,,,,0,,,0,0,0,0,,,,,,0,0,150,0.132826957,Yes,,,,200,-50,,,,
307_SYNC_COND_1,N_307,SynchronousCondenser,,,,,Yes,,2020,2050,0,0,,,,,,,,0,,,0,0,0,0,,,,,,0,0,150,0.132826957,Yes,,,,200,-50,,,,
322_SYNC_COND_1,N_322,SynchronousCondenser,,,,,Yes,,2020,2050,0,0,,,,,,,,0,,,0,0,0,0,,,,,,0,0,150,0.132826957,Yes,,,,200,-50,,,,
101_CC_1,N_101,Gas-CC,,,,,Yes,,2020,2050,350,157.5,,,,,,,,0.033,4.14,4.14,8,4.5,9.316288,7.381,,2.45,,,,0.342304321,0.966,437.2653248,0.083004896,Yes,,,,150,-75,,,,
102_CC_1,N_102,Gas-CC,,,,,Yes,,2020,2050,350,157.5,,,,,,,,0.033,4.14,4.14,8,4.5,9.316288,7.381,,2.45,,,,0.342304321,0.966,437.2653248,0.083004896,Yes,,,,150,-75,,,,
103_CC_1,N_103,Gas-CC,,,,,Yes,,2020,2050,350,157.5,,,,,,,,0.033,4.14,4.14,8,4.5,9.316288,7.381,,2.45,,,,0.342304321,0.966,437.2653248,0.083004896,Yes,,,,150,-75,,,,
104_CC_1,N_104,Gas-CC,,,,,Yes,,2020,2050,350,157.5,,,,,,,,0.033,4.14,4.14,8,4.5,9.316288,7.381,,2.45,,,,0.342304321,0.966,437.2653248,0.083004896,Yes,,,,150,-75,,,,
105_CC_1,N_105,Gas-CC,,,,,Yes,,2020,2050,350,157.5,,,,,,,,0.033,4.14,4.14,8,4.5,9.316288,7.381,,2.45,,,,0.342304321,0.966,437.2653248,0.083004896,Yes,,,,150,-75,,,,
106_CC_1,N_106,Gas-CC,,,,,Yes,,2020,2050,350,157.5,,,,,,,,0.033,4.14,4.14,8,4.5,9.316288,7.381,,2.45,,,,0.342304321,0.966,437.2653248,0.083004896,Yes,,,,150,-75,,,,
107_CC_2,N_107,Gas-CC,,,,,Yes,,2020,2050,350,157.5,,,,,,,,0.033,4.14,4.14,8,4.5,9.316288,7.381,,2.45,,,,0.342304321,0.966,437.2653248,0.083004896,Yes,,,,150,-75,,,,
108_CC_1,N_108,Gas-CC,,,,,Yes,,2020,2050,350,157.5,,,,,,,,0.033,4.14,4.14,8,4.5,9.316288,7.381,,2.45,,,,0.342304321,0.966,437.2653248,0.083004896,Yes,,,,150,-75,,,,
201_CC_1,N_201,Gas-CC,,,,,Yes,,2020,2050,350,157.5,,,,,,,,0.033,4.14,4.14,8,4.5,9.316288,7.381,,2.45,,,,0.342304321,0.966,437.2653248,0.083004896,Yes,,,,150,-75,,,,
202_CC_1,N_202,Gas-CC,,,,,Yes,,2020,2050,350,157.5,,,,,,,,0.033,4.14,4.14,8,4.5,9.316288,7.381,,2.45,,,,0.342304321,0.966,437.2653248,0.083004896,Yes,,,,150,-75,,,,
203_CC_1,N_203,Gas-CC,,,,,Yes,,2020,2050,350,157.5,,,,,,,,0.033,4.14,4.14,8,4.5,9.316288,7.381,,2.45,,,,0.342304321,0.966,437.2653248,0.083004896,Yes,,,,150,-75,,,,
204_CC_1,N_204,Gas-CC,,,,,Yes,,2020,2050,350,157.5,,,,,,,,0.033,4.14,4.14,8,4.5,9.316288,7.381,,2.45,,,,0.342304321,0.966,437.2653248,0.083004896,Yes,,,,150,-75,,,,
205_CC_1,N_205,Gas-CC,,,,,Yes,,2020,2050,350,157.5,,,,,,,,0.033,4.14,4.14,8,4.5,9.316288,7.381,,2.45,,,,0.342304321,0.966,437.2653248,0.083004896,Yes,,,,150,-75,,,,
206_CC_1,N_206,Gas-CC,,,,,Yes,,2020,2050,350,157.5,,,,,,,,0.033,4.14,4.14,8,4.5,9.316288,7.381,,2.45,,,,0.342304321,0.966,437.2653248,0.083004896,Yes,,,,150,-75,,,,
207_CC_1,N_207,Gas-CC,,,,,Yes,,2020,2050,350,157.5,,,,,,,,0.033,4.14,4.14,8,4.5,9.316288,7.381,,2.45,,,,0.342304321,0.966,437.2653248,0.083004896,Yes,,,,150,-75,,,,
208_CC_1,N_208,Gas-CC,,,,,Yes,,2020,2050,350,157.5,,,,,,,,0.033,4.14,4.14,8,4.5,9.316288,7.381,,2.45,,,,0.342304321,0.966,437.2653248,0.083004896,Yes,,,,150,-75,,,,
301_CC_1,N_301,Gas-CC,,,,,Yes,,2020,2050,350,157.5,,,,,,,,0.033,4.14,4.14,8,4.5,9.316288,7.381,,2.45,,,,0.342304321,0.966,437.2653248,0.083004896,Yes,,,,150,-75,,,,
302_CC_1,N_302,Gas-CC,,,,,Yes,,2020,2050,350,157.5,,,,,,,,0.033,4.14,4.14,8,4.5,9.316288,7.381,,2.45,,,,0.342304321,0.966,437.2653248,0.083004896,Yes,,,,150,-75,,,,
303_CC_1,N_303,Gas-CC,,,,,Yes,,2020,2050,350,157.5,,,,,,,,0.033,4.14,4.14,8,4.5,9.316288,7.381,,2.45,,,,0.342304321,0.966,437.2653248,0.083004896,Yes,,,,150,-75,,,,
304_CC_1,N_304,Gas-CC,,,,,Yes,,2020,2050,350,157.5,,,,,,,,0.033,4.14,4.14,8,4.5,9.316288,7.381,,2.45,,,,0.342304321,0.966,437.2653248,0.083004896,Yes,,,,150,-75,,,,
305_CC_1,N_305,Gas-CC,,,,,Yes,,2020,2050,350,157.5,,,,,,,,0.033,4.14,4.14,8,4.5,9.316288,7.381,,2.45,,,,0.342304321,0.966,437.2653248,0.083004896,Yes,,,,150,-75,,,,
306_CC_1,N_306,Gas-CC,,,,,Yes,,2020,2050,350,157.5,,,,,,,,0.033,4.14,4.14,8,4.5,9.316288,7.381,,2.45,,,,0.342304321,0.966,437.2653248,0.083004896,Yes,,,,150,-75,,,,
307_CC_1,N_307,Gas-CC,,,,,Yes,,2020,2050,350,157.5,,,,,,,,0.033,4.14,4.14,8,4.5,9.316288,7.381,,2.45,,,,0.342304321,0.966,437.2653248,0.083004896,Yes,,,,150,-75,,,,
308_CC_1,N_308,Gas-CC,,,,,Yes,,2020,2050,350,157.5,,,,,,,,0.033,4.14,4.14,8,4.5,9.316288,7.381,,2.45,,,,0.342304321,0.966,437.2653248,0.083004896,Yes,,,,150,-75,,,,
101_CT_3,N_101,Gas-CT,,,,,Yes,,2020,2050,250,112.5,,,,,,,,0.031,3.7,3.7,2.2,2.2,9.316288,16.19498333,,2.45,,,,0.602304483,0.966,258.4992811,0.083004896,Yes,,,,100,-50,,,,
102_CT_3,N_102,Gas-CT,,,,,Yes,,2020,2050,250,112.5,,,,,,,,0.031,3.7,3.7,2.2,2.2,9.316288,16.19498333,,2.45,,,,0.602304483,0.966,258.4992811,0.083004896,Yes,,,,100,-50,,,,
103_CT_1,N_103,Gas-CT,,,,,Yes,,2020,2050,250,112.5,,,,,,,,0.031,3.7,3.7,2.2,2.2,9.316288,16.19498333,,2.45,,,,0.602304483,0.966,258.4992811,0.083004896,Yes,,,,100,-50,,,,
104_CT_1,N_104,Gas-CT,,,,,Yes,,2020,2050,250,112.5,,,,,,,,0.031,3.7,3.7,2.2,2.2,9.316288,16.19498333,,2.45,,,,0.602304483,0.966,258.4992811,0.083004896,Yes,,,,100,-50,,,,
105_CT_1,N_105,Gas-CT,,,,,Yes,,2020,2050,250,112.5,,,,,,,,0.031,3.7,3.7,2.2,2.2,9.316288,16.19498333,,2.45,,,,0.602304483,0.966,258.4992811,0.083004896,Yes,,,,100,-50,,,,
106_CT_1,N_106,Gas-CT,,,,,Yes,,2020,2050,250,112.5,,,,,,,,0.031,3.7,3.7,2.2,2.2,9.316288,16.19498333,,2.45,,,,0.602304483,0.966,258.4992811,0.083004896,Yes,,,,100,-50,,,,
107_CT_1,N_107,Gas-CT,,,,,Yes,,2020,2050,250,112.5,,,,,,,,0.031,3.7,3.7,2.2,2.2,9.316288,16.19498333,,2.45,,,,0.602304483,0.966,258.4992811,0.083004896,Yes,,,,100,-50,,,,
108_CT_1,N_108,Gas-CT,,,,,Yes,,2020,2050,250,112.5,,,,,,,,0.031,3.7,3.7,2.2,2.2,9.316288,16.19498333,,2.45,,,,0.602304483,0.966,258.4992811,0.083004896,Yes,,,,100,-50,,,,
201_CT_3,N_201,Gas-CT,,,,,Yes,,2020,2050,250,112.5,,,,,,,,0.031,3.7,3.7,2.2,2.2,9.316288,16.19498333,,2.45,,,,0.602304483,0.966,258.4992811,0.083004896,Yes,,,,100,-50,,,,
202_CT_3,N_202,Gas-CT,,,,,Yes,,2020,2050,250,112.5,,,,,,,,0.031,3.7,3.7,2.2,2.2,9.316288,16.19498333,,2.45,,,,0.602304483,0.966,258.4992811,0.083004896,Yes,,,,100,-50,,,,
203_CT_1,N_203,Gas-CT,,,,,Yes,,2020,2050,250,112.5,,,,,,,,0.031,3.7,3.7,2.2,2.2,9.316288,16.19498333,,2.45,,,,0.602304483,0.966,258.4992811,0.083004896,Yes,,,,100,-50,,,,
204_CT_1,N_204,Gas-CT,,,,,Yes,,2020,2050,250,112.5,,,,,,,,0.031,3.7,3.7,2.2,2.2,9.316288,16.19498333,,2.45,,,,0.602304483,0.966,258.4992811,0.083004896,Yes,,,,100,-50,,,,
205_CT_1,N_205,Gas-CT,,,,,Yes,,2020,2050,250,112.5,,,,,,,,0.031,3.7,3.7,2.2,2.2,9.316288,16.19498333,,2.45,,,,0.602304483,0.966,258.4992811,0.083004896,Yes,,,,100,-50,,,,
206_CT_1,N_206,Gas-CT,,,,,Yes,,2020,2050,250,112.5,,,,,,,,0.031,3.7,3.7,2.2,2.2,9.316288,16.19498333,,2.45,,,,0.602304483,0.966,258.4992811,0.083004896,Yes,,,,100,-50,,,,
207_CT_3,N_207,Gas-CT,,,,,Yes,,2020,2050,250,112.5,,,,,,,,0.031,3.7,3.7,2.2,2.2,9.316288,16.19498333,,2.45,,,,0.602304483,0.966,258.4992811,0.083004896,Yes,,,,100,-50,,,,
208_CT_1,N_208,Gas-CT,,,,,Yes,,2020,2050,250,112.5,,,,,,,,0.031,3.7,3.7,2.2,2.2,9.316288,16.19498333,,2.45,,,,0.602304483,0.966,258.4992811,0.083004896,Yes,,,,100,-50,,,,
301_CT_5,N_301,Gas-CT,,,,,Yes,,2020,2050,250,112.5,,,,,,,,0.031,3.7,3.7,2.2,2.2,9.316288,16.19498333,,2.45,,,,0.602304483,0.966,258.4992811,0.083004896,Yes,,,,100,-50,,,,
302_CT_5,N_302,Gas-CT,,,,,Yes,,2020,2050,250,112.5,,,,,,,,0.031,3.7,3.7,2.2,2.2,9.316288,16.19498333,,2.45,,,,0.602304483,0.966,258.4992811,0.083004896,Yes,,,,100,-50,,,,
303_CT_1,N_303,Gas-CT,,,,,Yes,,2020,2050,250,112.5,,,,,,,,0.031,3.7,3.7,2.2,2.2,9.316288,16.19498333,,2.45,,,,0.602304483,0.966,258.4992811,0.083004896,Yes,,,,100,-50,,,,
304_CT_1,N_304,Gas-CT,,,,,Yes,,2020,2050,250,112.5,,,,,,,,0.031,3.7,3.7,2.2,2.2,9.316288,16.19498333,,2.45,,,,0.602304483,0.966,258.4992811,0.083004896,Yes,,,,100,-50,,,,
305_CT_1,N_305,Gas-CT,,,,,Yes,,2020,2050,250,112.5,,,,,,,,0.031,3.7,3.7,2.2,2.2,9.316288,16.19498333,,2.45,,,,0.602304483,0.966,258.4992811,0.083004896,Yes,,,,100,-50,,,,
306_CT_1,N_306,Gas-CT,,,,,Yes,,2020,2050,250,112.5,,,,,,,,0.031,3.7,3.7,2.2,2.2,9.316288,16.19498333,,2.45,,,,0.602304483,0.966,258.4992811,0.083004896,Yes,,,,100,-50,,,,
307_CT_3,N_307,Gas-CT,,,,,Yes,,2020,2050,250,112.5,,,,,,,,0.031,3.7,3.7,2.2,2.2,9.316288,16.19498333,,2.45,,,,0.602304483,0.966,258.4992811,0.083004896,Yes,,,,100,-50,,,,
308_CT_1,N_308,Gas-CT,,,,,Yes,,2020,2050,250,112.5,,,,,,,,0.031,3.7,3.7,2.2,2.2,9.316288,16.19498333,,2.45,,,,0.602304483,0.966,258.4992811,0.083004896,Yes,,,,100,-50,,,,
101_CC_90CCS_1,N_101,Gas-CC-90CCS,,,,,Yes,,2020,2050,500,225,,,,,,,,0.033,4.14,4.14,8,4.5,9.316288,11.385,,2.45,,,,0.038642489,0.966,1373.971946,0.083004896,Yes,,,,200,-100,,,,
102_CC_90CCS_1,N_102,Gas-CC-90CCS,,,,,Yes,,2020,2050,500,225,,,,,,,,0.033,4.14,4.14,8,4.5,9.316288,11.385,,2.45,,,,0.038642489,0.966,1373.971946,0.083004896,Yes,,,,200,-100,,,,
103_CC_90CCS_1,N_103,Gas-CC-90CCS,,,,,Yes,,2020,2050,500,225,,,,,,,,0.033,4.14,4.14,8,4.5,9.316288,11.385,,2.45,,,,0.038642489,0.966,1373.971946,0.083004896,Yes,,,,200,-100,,,,
104_CC_90CCS_1,N_104,Gas-CC-90CCS,,,,,Yes,,2020,2050,500,225,,,,,,,,0.033,4.14,4.14,8,4.5,9.316288,11.385,,2.45,,,,0.038642489,0.966,1373.971946,0.083004896,Yes,,,,200,-100,,,,
105_CC_90CCS_1,N_105,Gas-CC-90CCS,,,,,Yes,,2020,2050,500,225,,,,,,,,0.033,4.14,4.14,8,4.5,9.316288,11.385,,2.45,,,,0.038642489,0.966,1373.971946,0.083004896,Yes,,,,200,-100,,,,
106_CC_90CCS_1,N_106,Gas-CC-90CCS,,,,,Yes,,2020,2050,500,225,,,,,,,,0.033,4.14,4.14,8,4.5,9.316288,11.385,,2.45,,,,0.038642489,0.966,1373.971946,0.083004896,Yes,,,,200,-100,,,,
107_CC_90CCS_1,N_107,Gas-CC-90CCS,,,,,Yes,,2020,2050,500,225,,,,,,,,0.033,4.14,4.14,8,4.5,9.316288,11.385,,2.45,,,,0.038642489,0.966,1373.971946,0.083004896,Yes,,,,200,-100,,,,
108_CC_90CCS_1,N_108,Gas-CC-90CCS,,,,,Yes,,2020,2050,500,225,,,,,,,,0.033,4.14,4.14,8,4.5,9.316288,11.385,,2.45,,,,0.038642489,0.966,1373.971946,0.083004896,Yes,,,,200,-100,,,,
201_CC_90CCS_1,N_201,Gas-CC-90CCS,,,,,Yes,,2020,2050,500,225,,,,,,,,0.033,4.14,4.14,8,4.5,9.316288,11.385,,2.45,,,,0.038642489,0.966,1373.971946,0.083004896,Yes,,,,200,-100,,,,
202_CC_90CCS_1,N_202,Gas-CC-90CCS,,,,,Yes,,2020,2050,500,225,,,,,,,,0.033,4.14,4.14,8,4.5,9.316288,11.385,,2.45,,,,0.038642489,0.966,1373.971946,0.083004896,Yes,,,,200,-100,,,,
203_CC_90CCS_1,N_203,Gas-CC-90CCS,,,,,Yes,,2020,2050,500,225,,,,,,,,0.033,4.14,4.14,8,4.5,9.316288,11.385,,2.45,,,,0.038642489,0.966,1373.971946,0.083004896,Yes,,,,200,-100,,,,
204_CC_90CCS_1,N_204,Gas-CC-90CCS,,,,,Yes,,2020,2050,500,225,,,,,,,,0.033,4.14,4.14,8,4.5,9.316288,11.385,,2.45,,,,0.038642489,0.966,1373.971946,0.083004896,Yes,,,,200,-100,,,,
205_CC_90CCS_1,N_205,Gas-CC-90CCS,,,,,Yes,,2020,2050,500,225,,,,,,,,0.033,4.14,4.14,8,4.5,9.316288,11.385,,2.45,,,,0.038642489,0.966,1373.971946,0.083004896,Yes,,,,200,-100,,,,
206_CC_90CCS_1,N_206,Gas-CC-90CCS,,,,,Yes,,2020,2050,500,225,,,,,,,,0.033,4.14,4.14,8,4.5,9.316288,11.385,,2.45,,,,0.038642489,0.966,1373.971946,0.083004896,Yes,,,,200,-100,,,,
207_CC_90CCS_1,N_207,Gas-CC-90CCS,,,,,Yes,,2020,2050,500,225,,,,,,,,0.033,4.14,4.14,8,4.5,9.316288,11.385,,2.45,,,,0.038642489,0.966,1373.971946,0.083004896,Yes,,,,200,-100,,,,
208_CC_90CCS_1,N_208,Gas-CC-90CCS,,,,,Yes,,2020,2050,500,225,,,,,,,,0.033,4.14,4.14,8,4.5,9.316288,11.385,,2.45,,,,0.038642489,0.966,1373.971946,0.083004896,Yes,,,,200,-100,,,,
301_CC_90CCS_1,N_301,Gas-CC-90CCS,,,,,Yes,,2020,2050,500,225,,,,,,,,0.033,4.14,4.14,8,4.5,9.316288,11.385,,2.45,,,,0.038642489,0.966,1373.971946,0.083004896,Yes,,,,200,-100,,,,
302_CC_90CCS_1,N_302,Gas-CC-90CCS,,,,,Yes,,2020,2050,500,225,,,,,,,,0.033,4.14,4.14,8,4.5,9.316288,11.385,,2.45,,,,0.038642489,0.966,1373.971946,0.083004896,Yes,,,,200,-100,,,,
303_CC_90CCS_1,N_303,Gas-CC-90CCS,,,,,Yes,,2020,2050,500,225,,,,,,,,0.033,4.14,4.14,8,4.5,9.316288,11.385,,2.45,,,,0.038642489,0.966,1373.971946,0.083004896,Yes,,,,200,-100,,,,
304_CC_90CCS_1,N_304,Gas-CC-90CCS,,,,,Yes,,2020,2050,500,225,,,,,,,,0.033,4.14,4.14,8,4.5,9.316288,11.385,,2.45,,,,0.038642489,0.966,1373.971946,0.083004896,Yes,,,,200,-100,,,,
305_CC_90CCS_1,N_305,Gas-CC-90CCS,,,,,Yes,,2020,2050,500,225,,,,,,,,0.033,4.14,4.14,8,4.5,9.316288,11.385,,2.45,,,,0.038642489,0.966,1373.971946,0.083004896,Yes,,,,200,-100,,,,
306_CC_90CCS_1,N_306,Gas-CC-90CCS,,,,,Yes,,2020,2050,500,225,,,,,,,,0.033,4.14,4.14,8,4.5,9.316288,11.385,,2.45,,,,0.038642489,0.966,1373.971946,0.083004896,Yes,,,,200,-100,,,,
307_CC_90CCS_1,N_307,Gas-CC-90CCS,,,,,Yes,,2020,2050,500,225,,,,,,,,0.033,4.14,4.14,8,4.5,9.316288,11.385,,2.45,,,,0.038642489,0.966,1373.971946,0.083004896,Yes,,,,200,-100,,,,
308_CC_90CCS_1,N_308,Gas-CC-90CCS,,,,,Yes,,2020,2050,500,225,,,,,,,,0.033,4.14,4.14,8,4.5,9.316288,11.385,,2.45,,,,0.038642489,0.966,1373.971946,0.083004896,Yes,,,,200,-100,,,,
116_WIND_1,N_217,Onshore-Wind,,,,,Yes,Yes,2020,2050,400,0,,,,,,,,0,400,400,0,0,0,0,,0.4,,,,0,0.01,590.4434735,0.074984328,Yes,,,,0,0,,,,
117_WIND_1,N_217,Onshore-Wind,,,,,Yes,Yes,2020,2050,400,0,,,,,,,,0,400,400,0,0,0,0,,0.4,,,,0,0.01,590.4434735,0.074984328,Yes,,,,0,0,,,,
118_WIND_1,N_319,Onshore-Wind,,,,,Yes,Yes,2020,2050,400,0,,,,,,,,0,400,400,0,0,0,0,,0.4,,,,0,0.01,590.4434735,0.074984328,Yes,,,,0,0,,,,
119_WIND_1,N_319,Onshore-Wind,,,,,Yes,Yes,2020,2050,400,0,,,,,,,,0,400,400,0,0,0,0,,0.4,,,,0,0.01,590.4434735,0.074984328,Yes,,,,0,0,,,,
207_WIND_1,N_316,Onshore-Wind,,,,,Yes,Yes,2020,2050,400,0,,,,,,,,0,400,400,0,0,0,0,,0.4,,,,0,0.01,590.4434735,0.074984328,Yes,,,,0,0,,,,
208_WIND_1,N_316,Onshore-Wind,,,,,Yes,Yes,2020,2050,400,0,,,,,,,,0,400,400,0,0,0,0,,0.4,,,,0,0.01,590.4434735,0.074984328,Yes,,,,0,0,,,,
214_WIND_1,N_218,Onshore-Wind,,,,,Yes,Yes,2020,2050,400,0,,,,,,,,0,400,400,0,0,0,0,,0.4,,,,0,0.01,590.4434735,0.074984328,Yes,,,,0,0,,,,
206_WIND_1,N_218,Onshore-Wind,,,,,Yes,Yes,2020,2050,200,0,,,,,,,,0,200,200,0,0,0,0,,0.4,,,,0,0.01,295.2217367,0.074984328,Yes,,,,0,0,,,,
210_WIND_1,N_314,Onshore-Wind,,,,,Yes,Yes,2020,2050,200,0,,,,,,,,0,200,200,0,0,0,0,,0.4,,,,0,0.01,295.2217367,0.074984328,Yes,,,,0,0,,,,
305_WIND_1,N_314,Onshore-Wind,,,,,Yes,Yes,2020,2050,200,0,,,,,,,,0,200,200,0,0,0,0,,0.4,,,,0,0.01,295.2217367,0.074984328,Yes,,,,0,0,,,,
307_WIND_1,N_219,Onshore-Wind,,,,,Yes,Yes,2020,2050,200,0,,,,,,,,0,200,200,0,0,0,0,,0.4,,,,0,0.01,295.2217367,0.074984328,Yes,,,,0,0,,,,
308_WIND_1,N_219,Onshore-Wind,,,,,Yes,Yes,2020,2050,200,0,,,,,,,,0,200,200,0,0,0,0,,0.4,,,,0,0.01,295.2217367,0.074984328,Yes,,,,0,0,,,,
101_PV_5,N_207,Solar-PV,,,,,Yes,Yes,2020,2050,300,0,,,,,,,,0,300,300,0,0,0,0,,0.72,,,,0,0.32,286.2125404,0.074984328,Yes,,,,0,0,,,,
102_PV_3,N_208,Solar-PV,,,,,Yes,Yes,2020,2050,300,0,,,,,,,,0,300,300,0,0,0,0,,0.72,,,,0,0.32,286.2125404,0.074984328,Yes,,,,0,0,,,,
103_PV_2,N_201,Solar-PV,,,,,Yes,Yes,2020,2050,300,0,,,,,,,,0,300,300,0,0,0,0,,0.72,,,,0,0.32,286.2125404,0.074984328,Yes,,,,0,0,,,,
104_PV_2,N_202,Solar-PV,,,,,Yes,Yes,2020,2050,300,0,,,,,,,,0,300,300,0,0,0,0,,0.72,,,,0,0.32,286.2125404,0.074984328,Yes,,,,0,0,,,,
105_PV_1,N_203,Solar-PV,,,,,Yes,Yes,2020,2050,300,0,,,,,,,,0,300,300,0,0,0,0,,0.72,,,,0,0.32,286.2125404,0.074984328,Yes,,,,0,0,,,,
106_PV_1,N_206,Solar-PV,,,,,Yes,Yes,2020,2050,300,0,,,,,,,,0,300,300,0,0,0,0,,0.72,,,,0,0.32,286.2125404,0.074984328,Yes,,,,0,0,,,,
107_PV_1,N_220,Solar-PV,,,,,Yes,Yes,2020,2050,300,0,,,,,,,,0,300,300,0,0,0,0,,0.72,,,,0,0.32,286.2125404,0.074984328,Yes,,,,0,0,,,,
108_PV_1,N_221,Solar-PV,,,,,Yes,Yes,2020,2050,300,0,,,,,,,,0,300,300,0,0,0,0,,0.72,,,,0,0.32,286.2125404,0.074984328,Yes,,,,0,0,,,,
201_PV_1,N_223,Solar-PV,,,,,Yes,Yes,2020,2050,300,0,,,,,,,,0,300,300,0,0,0,0,,0.72,,,,0,0.32,286.2125404,0.074984328,Yes,,,,0,0,,,,
202_PV_1,N_224,Solar-PV,,,,,Yes,Yes,2020,2050,300,0,,,,,,,,0,300,300,0,0,0,0,,0.72,,,,0,0.32,286.2125404,0.074984328,Yes,,,,0,0,,,,
306_PV_1,N_320,Solar-PV,,,,,Yes,Yes,2020,2050,300,0,,,,,,,,0,300,300,0,0,0,0,,0.72,,,,0,0.32,286.2125404,0.074984328,Yes,,,,0,0,,,,
204_PV_1,N_207,Solar-PV,,,,,Yes,Yes,2020,2050,150,0,,,,,,,,0,150,150,0,0,0,0,,0.72,,,,0,0.32,143.1062702,0.074984328,Yes,,,,0,0,,,,
205_PV_1,N_208,Solar-PV,,,,,Yes,Yes,2020,2050,150,0,,,,,,,,0,150,150,0,0,0,0,,0.72,,,,0,0.32,143.1062702,0.074984328,Yes,,,,0,0,,,,
301_PV_1,N_207,Solar-PV,,,,,Yes,Yes,2020,2050,150,0,,,,,,,,0,150,150,0,0,0,0,,0.72,,,,0,0.32,143.1062702,0.074984328,Yes,,,,0,0,,,,
302_PV_1,N_208,Solar-PV,,,,,Yes,Yes,2020,2050,150,0,,,,,,,,0,150,150,0,0,0,0,,0.72,,,,0,0.32,143.1062702,0.074984328,Yes,,,,0,0,,,,
304_PV_1,N_207,Solar-PV,,,,,Yes,Yes,2020,2050,150,0,,,,,,,,0,150,150,0,0,0,0,,0.72,,,,0,0.32,143.1062702,0.074984328,Yes,,,,0,0,,,,
101_CSP_1,N_207,CSP,,Daily,Daily,,Yes,,2020,2050,400,0,50,,0.6,1.2,0,0.8,,0.04,400,400,0,0,0,0,,1.66,,,,0,0.52,2053.929759,0.074984328,Yes,,,,0,0,,,,
102_CSP_1,N_208,CSP,,Daily,Daily,,Yes,,2020,2050,400,0,50,,0.6,1.2,0,0.8,,0.04,400,400,0,0,0,0,,1.66,,,,0,0.52,2053.929759,0.074984328,Yes,,,,0,0,,,,
103_CSP_1,N_201,CSP,,Daily,Daily,,Yes,,2020,2050,400,0,50,,0.6,1.2,0,0.8,,0.04,400,400,0,0,0,0,,1.66,,,,0,0.52,2053.929759,0.074984328,Yes,,,,0,0,,,,
104_CSP_1,N_202,CSP,,Daily,Daily,,Yes,,2020,2050,400,0,50,,0.6,1.2,0,0.8,,0.04,400,400,0,0,0,0,,1.66,,,,0,0.52,2053.929759,0.074984328,Yes,,,,0,0,,,,
105_CSP_1,N_203,CSP,,Daily,Daily,,Yes,,2020,2050,400,0,50,,0.6,1.2,0,0.8,,0.04,400,400,0,0,0,0,,1.66,,,,0,0.52,2053.929759,0.074984328,Yes,,,,0,0,,,,
201_CSP_1,N_206,CSP,,Daily,Daily,,Yes,,2020,2050,400,0,50,,0.6,1.2,0,0.8,,0.04,400,400,0,0,0,0,,1.66,,,,0,0.52,2053.929759,0.074984328,Yes,,,,0,0,,,,
202_CSP_1,N_220,CSP,,Daily,Daily,,Yes,,2020,2050,400,0,50,,0.6,1.2,0,0.8,,0.04,400,400,0,0,0,0,,1.66,,,,0,0.52,2053.929759,0.074984328,Yes,,,,0,0,,,,
306_CSP_1,N_221,CSP,,Daily,Daily,,Yes,,2020,2050,400,0,50,,0.6,1.2,0,0.8,,0.04,400,400,0,0,0,0,,1.66,,,,0,0.52,2053.929759,0.074984328,Yes,,,,0,0,,,,
204_CSP_1,N_223,CSP,,Daily,Daily,,Yes,,2020,2050,200,0,50,,0.6,1.2,0,0.8,,0.04,200,200,0,0,0,0,,1.66,,,,0,0.52,1026.964879,0.074984328,Yes,,,,0,0,,,,
205_CSP_1,N_224,CSP,,Daily,Daily,,Yes,,2020,2050,200,0,50,,0.6,1.2,0,0.8,,0.04,200,200,0,0,0,0,,1.66,,,,0,0.52,1026.964879,0.074984328,Yes,,,,0,0,,,,
301_CSP_1,N_320,CSP,,Daily,Daily,,Yes,,2020,2050,200,0,50,,0.6,1.2,0,0.8,,0.04,200,200,0,0,0,0,,1.66,,,,0,0.52,1026.964879,0.074984328,Yes,,,,0,0,,,,
302_CSP_1,N_207,CSP,,Daily,Daily,,Yes,,2020,2050,200,0,50,,0.6,1.2,0,0.8,,0.04,200,200,0,0,0,0,,1.66,,,,0,0.52,1026.964879,0.074984328,Yes,,,,0,0,,,,
304_CSP_1,N_208,CSP,,Daily,Daily,,Yes,,2020,2050,200,0,50,,0.6,1.2,0,0.8,,0.04,200,200,0,0,0,0,,1.66,,,,0,0.52,1026.964879,0.074984328,Yes,,,,0,0,,,,
112_CSP_1,N_201,CSP,,Daily,Daily,,Yes,,2020,2050,200,0,50,,0.6,1.2,0,0.8,,0.04,200,200,0,0,0,0,,1.66,,,,0,0.52,1026.964879,0.074984328,Yes,,,,0,0,,,,
312_CSP_1,N_202,CSP,,Daily,Daily,,Yes,,2020,2050,200,0,50,,0.6,1.2,0,0.8,,0.04,200,200,0,0,0,0,,1.66,,,,0,0.52,1026.964879,0.074984328,Yes,,,,0,0,,,,
